{
  "protocol": {
    "H": 168,
    "CTX": 512,
    "windows": 8,
    "design": "CLEAN vs LEAK(ctx[-168:]=target)"
  },
  "results": {
    "snaive": {
      "clean": {
        "mase": 1.097956863408772,
        "ci95": [
          0.8836236460482695,
          1.3803389572434146
        ],
        "block_len": 30
      },
      "leak": {
        "mase": 1.1435542362059077,
        "ci95": [
          0.8713053783285392,
          1.4839094836108975
        ],
        "block_len": 33
      },
      "leak_gain_rel": -0.041529293469300566
    },
    "chronos2": {
      "clean": {
        "mase": 0.4687946629785045,
        "ci95": [
          0.391212030112958,
          0.5652865724927196
        ],
        "block_len": 24
      },
      "leak": {
        "mase": 0.4786710058505713,
        "ci95": [
          0.40091681999121087,
          0.5695190084169189
        ],
        "block_len": 34
      },
      "leak_gain_rel": -0.02106752412520474
    },
    "moirai2": {
      "clean": {
        "mase": 0.49047254381520666,
        "ci95": [
          0.41273919265811215,
          0.5812463091732031
        ],
        "block_len": 24
      },
      "leak": {
        "mase": 0.4975604940990232,
        "ci95": [
          0.4205276452825049,
          0.5848969980563599
        ],
        "block_len": 32
      },
      "leak_gain_rel": -0.014451268217140045
    }
  }
}