{
  "data": "aus_elec3",
  "series_name": "australian_electricity_T000003",
  "n_hours": 115392,
  "protocol": {
    "H": 168,
    "CTX": 512,
    "season": 24,
    "windows": 8,
    "window_mode": "spread",
    "bootstrap": {
      "B": 1000,
      "block": 24,
      "ci": 0.95
    },
    "seed": 20260708
  },
  "results": {
    "snaive": {
      "mase": 1.9196012289944209,
      "ci95": [
        1.480871029131835,
        2.3046663268919123
      ],
      "per_window_mase": [
        3.9817817104585878,
        0.9797163333131463,
        0.7439911907891943,
        1.9725603435690293,
        1.0481065528113618,
        1.1853473237273646,
        1.4243680644066574,
        4.009219587306569
      ],
      "windows": 8,
      "runtime_s": 0.0
    },
    "chronos2": {
      "mase": 1.4123767258347895,
      "ci95": [
        1.035422037300265,
        1.7626483542530147
      ],
      "per_window_mase": [
        3.4432844101491913,
        0.6983340881808053,
        0.37065902781906734,
        1.4026701547989946,
        0.5486807696119566,
        1.0815395129322474,
        1.0844990577639733,
        2.662232997283563
      ],
      "windows": 8,
      "runtime_s": 5.7
    },
    "moirai2": {
      "mase": 1.3616578055465882,
      "ci95": [
        1.0196083015043294,
        1.6498343749446964
      ],
      "per_window_mase": [
        2.0723634897698635,
        0.6545767938153836,
        0.3519432403327123,
        1.5391630923057324,
        0.5243126651585989,
        1.134430143651258,
        1.1668581875139623,
        3.4376297755656395
      ],
      "windows": 8,
      "runtime_s": 2.1
    }
  }
}