{
  "data": "aus_elec2",
  "series_name": "australian_electricity_T000002",
  "n_hours": 116136,
  "protocol": {
    "H": 168,
    "CTX": 512,
    "season": 24,
    "windows": 8,
    "window_mode": "spread",
    "bootstrap": {
      "B": 1000,
      "block": 24,
      "ci": 0.95
    },
    "seed": 20260708
  },
  "results": {
    "snaive": {
      "mase": 1.5395743482004953,
      "ci95": [
        1.2320431699320853,
        1.8097346412721287
      ],
      "block_len": 31,
      "per_window_mase": [
        1.6029345340710055,
        1.3853040696377958,
        1.2499545969808015,
        0.883989885595283,
        0.8517474024519986,
        1.7422020463560368,
        2.299770271444419,
        2.3024242061684412
      ],
      "windows": 8,
      "runtime_s": 0.0
    },
    "chronos2": {
      "mase": 0.6052493443822333,
      "ci95": [
        0.4476458823996335,
        0.7444634712618535
      ],
      "block_len": 35,
      "per_window_mase": [
        1.1935379326628495,
        0.40468829885659063,
        0.2810117005390698,
        0.4311728078681123,
        0.22551099485279527,
        0.4012766778421158,
        1.2629019111925384,
        0.6422201038825666
      ],
      "windows": 8,
      "runtime_s": 4.1
    },
    "moirai2": {
      "mase": 0.6344371737650522,
      "ci95": [
        0.4842915386407701,
        0.7393053748315161
      ],
      "block_len": 34,
      "per_window_mase": [
        0.8906902628867702,
        0.4039466095209504,
        0.47354052704392857,
        0.5100756086007895,
        0.20331807503514818,
        0.5146960919494472,
        1.125348187680132,
        0.9541158070927944
      ],
      "windows": 8,
      "runtime_s": 1.9
    }
  }
}