{
  "data": "aus_elec0",
  "series_name": "australian_electricity_T000000",
  "n_hours": 115368,
  "protocol": {
    "H": 168,
    "CTX": 512,
    "season": 24,
    "windows": 8,
    "window_mode": "spread",
    "bootstrap": {
      "B": 1000,
      "block": 24,
      "ci": 0.95
    },
    "seed": 20260708
  },
  "results": {
    "snaive": {
      "mase": 1.1358306624809094,
      "ci95": [
        0.9776475917881101,
        1.3136614363104457
      ],
      "block_len": 24,
      "per_window_mase": [
        1.3816728813436365,
        0.9726507401149194,
        1.1457661420687613,
        1.0197269581266246,
        1.3092968280290729,
        0.8167186966250588,
        1.1421082051742109,
        1.2972222713959616
      ],
      "windows": 8,
      "runtime_s": 0.0
    },
    "chronos2": {
      "mase": 0.6177290593627254,
      "ci95": [
        0.50190440102307,
        0.7579801182106186
      ],
      "block_len": 27,
      "per_window_mase": [
        0.6886384773933687,
        0.716057041210975,
        0.41115788171800505,
        0.7227337603336775,
        0.7469936203591374,
        0.6110608501860444,
        0.620087894819361,
        0.4221420121473084
      ],
      "windows": 8,
      "runtime_s": 4.6
    },
    "moirai2": {
      "mase": 0.6114098843823151,
      "ci95": [
        0.5007385083486842,
        0.7368352840099479
      ],
      "block_len": 27,
      "per_window_mase": [
        0.3968821083197528,
        0.6605948140037834,
        0.39374141026709675,
        0.6600369627590718,
        0.8756339680768664,
        0.7868717993673111,
        0.5472169428049679,
        0.5725047753526713
      ],
      "windows": 8,
      "runtime_s": 1.7
    }
  }
}