{
  "data": "aus_elec0",
  "series_name": "australian_electricity_T000000",
  "n_hours": 115368,
  "protocol": {
    "H": 168,
    "CTX": 2048,
    "season": 24,
    "windows": 8,
    "window_mode": "spread",
    "bootstrap": {
      "B": 1000,
      "block": 24,
      "ci": 0.95
    },
    "seed": 20260708
  },
  "results": {
    "snaive": {
      "mase": 1.1358306624809094,
      "ci95": [
        0.9776475917881101,
        1.3136614363104457
      ],
      "per_window_mase": [
        1.3816728813436365,
        0.9726507401149194,
        1.1457661420687613,
        1.0197269581266246,
        1.3092968280290729,
        0.8167186966250588,
        1.1421082051742109,
        1.2972222713959616
      ],
      "windows": 8,
      "runtime_s": 0.0
    },
    "chronos2": {
      "mase": 0.7379977172384192,
      "ci95": [
        0.5679355714067628,
        0.9491379585136418
      ],
      "per_window_mase": [
        0.47525934991061325,
        0.4783189171370403,
        0.3290438980532997,
        0.7001241109761034,
        0.8444889035708169,
        1.945497463242683,
        0.7058274043671056,
        0.43416696015107814
      ],
      "windows": 8,
      "runtime_s": 4.5
    },
    "moirai2": {
      "mase": 0.5528194858065901,
      "ci95": [
        0.4359048174658242,
        0.6743346536960133
      ],
      "per_window_mase": [
        0.3032614791996167,
        0.46440980857949177,
        0.31280521688169854,
        0.8658152796642202,
        0.827503719275,
        0.6242645436320396,
        0.5664246565877213,
        0.4604567264405059
      ],
      "windows": 8,
      "runtime_s": 3.0
    }
  }
}