{
  "data": "aus_elec0",
  "series_name": "australian_electricity_T000000",
  "n_hours": 115368,
  "protocol": {
    "H": 168,
    "CTX": 8192,
    "season": 24,
    "windows": 8,
    "window_mode": "spread",
    "bootstrap": {
      "B": 1000,
      "block": 24,
      "ci": 0.95
    },
    "seed": 20260708
  },
  "results": {
    "snaive": {
      "mase": 1.1358306624809094,
      "ci95": [
        0.9776475917881101,
        1.3136614363104457
      ],
      "per_window_mase": [
        1.3816728813436365,
        0.9726507401149194,
        1.1457661420687613,
        1.0197269581266246,
        1.3092968280290729,
        0.8167186966250588,
        1.1421082051742109,
        1.2972222713959616
      ],
      "windows": 8,
      "runtime_s": 0.0
    },
    "chronos2": {
      "mase": 0.6560284266257519,
      "ci95": [
        0.5131050248013075,
        0.8223321163165881
      ],
      "per_window_mase": [
        0.437459924777613,
        0.4667405798389174,
        0.3470920959095888,
        0.6491656278656427,
        0.7810606515183511,
        1.5031190366974516,
        0.6192497574453452,
        0.45079504059012604
      ],
      "windows": 8,
      "runtime_s": 6.5
    },
    "moirai2": {
      "mase": 0.5775072312229547,
      "ci95": [
        0.46694379297626915,
        0.6999522062662468
      ],
      "per_window_mase": [
        0.4136185009026473,
        0.4996974343392282,
        0.30154911353853886,
        0.868430449361102,
        0.8973801840723531,
        0.6216557476113297,
        0.5817351449468878,
        0.4369026533656617
      ],
      "windows": 8,
      "runtime_s": 10.7
    }
  }
}