{
  "data": "aus_elec4",
  "series_name": "australian_electricity_T000004",
  "n_hours": 115368,
  "protocol": {
    "H": 168,
    "CTX": 512,
    "season": 24,
    "windows": 8,
    "window_mode": "spread",
    "bootstrap": {
      "B": 1000,
      "block": 24,
      "ci": 0.95
    },
    "seed": 20260708
  },
  "results": {
    "snaive": {
      "mase": 1.025535715264331,
      "ci95": [
        0.9229051421078215,
        1.1633865994458776
      ],
      "per_window_mase": [
        0.8293911883644262,
        1.6622827705911072,
        0.9588283705929891,
        0.8236959511693467,
        1.2359866653159914,
        1.188085123565818,
        0.726671938442249,
        0.7791038894100555
      ],
      "windows": 8,
      "runtime_s": 0.0
    },
    "chronos2": {
      "mase": 0.8578380782579137,
      "ci95": [
        0.690147409483064,
        1.0508989942196656
      ],
      "per_window_mase": [
        0.4720519294323538,
        2.011256855077084,
        0.8508649383313978,
        0.47218376951325064,
        1.1058476297165265,
        1.0486358467028847,
        0.4830208021842032,
        0.4176542510353619
      ],
      "windows": 8,
      "runtime_s": 5.2
    },
    "moirai2": {
      "mase": 0.8481905607206579,
      "ci95": [
        0.7011146743351675,
        1.0282557008332027
      ],
      "per_window_mase": [
        0.46892909102458197,
        1.8996310325714192,
        0.8884674495274074,
        0.5929367362301918,
        1.0157526790559424,
        1.0676810897551732,
        0.5184406449013138,
        0.3312431236754437
      ],
      "windows": 8,
      "runtime_s": 1.9
    }
  }
}