{
  "data": "aus_elec",
  "series_name": "australian_electricity_T000000",
  "n_hours": 115368,
  "protocol": {
    "H": 168,
    "CTX": 512,
    "season": 24,
    "windows": 8,
    "window_mode": "tail",
    "bootstrap": {
      "B": 1000,
      "block": 24,
      "ci": 0.95
    },
    "seed": 20260708
  },
  "results": {
    "snaive": {
      "mase": 1.540935212442651,
      "ci95": [
        1.365913680105196,
        1.7429860690485082
      ],
      "block_len": 24,
      "per_window_mase": [
        1.0123066825567568,
        1.3761133116026738,
        1.440147543386119,
        1.868037928339717,
        1.3162663734311797,
        2.3563978070783067,
        1.661232264547327,
        1.2972222713959616
      ],
      "windows": 8,
      "runtime_s": 0.0
    },
    "ets": {
      "mase": 3.0650612838857194,
      "ci95": [
        2.8387986402653635,
        3.303803198649305
      ],
      "block_len": 24,
      "per_window_mase": [
        3.3307783590305187,
        3.3012176008311176,
        3.219320984309575,
        1.8839639292476857,
        2.5179059155197794,
        3.7540776929626163,
        3.428616828310448,
        3.0854464868321743
      ],
      "windows": 8,
      "runtime_s": 3.2
    },
    "chronos2": {
      "mase": 1.1399461188805318,
      "ci95": [
        0.9105196805490173,
        1.3979163815038114
      ],
      "block_len": 34,
      "per_window_mase": [
        1.9460529006391067,
        1.481208407839906,
        1.2395454519690279,
        1.7754187227181149,
        0.23621515394354717,
        1.5542621727303871,
        0.464230762051758,
        0.4221420121473084
      ],
      "windows": 8,
      "runtime_s": 5.6
    },
    "moirai2": {
      "mase": 1.1623629940109135,
      "ci95": [
        0.9325231008189604,
        1.4261237422044237
      ],
      "block_len": 34,
      "per_window_mase": [
        1.9998488364991087,
        1.08770010635028,
        0.767735516143804,
        2.2404278966649436,
        0.4573111770131172,
        1.6820266895938947,
        0.49091359684538005,
        0.5725047753526713
      ],
      "windows": 8,
      "runtime_s": 2.1
    },
    "arima": {
      "mase": 1.7324230206600109,
      "ci95": [
        1.5325882758232354,
        1.9613911552730459
      ],
      "block_len": 24,
      "per_window_mase": [
        1.550884018871582,
        1.0639047432410869,
        1.828424318668514,
        2.078759669948682,
        2.564642814471037,
        1.955989065264945,
        0.9964507025119204,
        1.819835175686493
      ],
      "windows": 8,
      "runtime_s": 278.0
    }
  }
}