{
  "data": "aus_elec1",
  "series_name": "australian_electricity_T000001",
  "n_hours": 115368,
  "protocol": {
    "H": 168,
    "CTX": 512,
    "season": 24,
    "windows": 8,
    "window_mode": "spread",
    "bootstrap": {
      "B": 1000,
      "block": 24,
      "ci": 0.95
    },
    "seed": 20260708
  },
  "results": {
    "snaive": {
      "mase": 1.4969741466380686,
      "ci95": [
        1.250916996080553,
        1.7728964207819642
      ],
      "per_window_mase": [
        2.357685138121469,
        0.9115896887447971,
        1.1458788569352185,
        2.1297409929158215,
        1.3622567733791147,
        1.0921992843829513,
        1.1387659806466293,
        1.8406863732245753
      ],
      "windows": 8,
      "runtime_s": 0.0
    },
    "chronos2": {
      "mase": 0.925032960538076,
      "ci95": [
        0.7127128886957714,
        1.139997699085429
      ],
      "per_window_mase": [
        1.6632231485851994,
        0.6579910884651212,
        0.3736966962610337,
        1.650204830701644,
        0.8308413849173665,
        0.6741356834798862,
        0.5623616412410419,
        0.9916481718177511
      ],
      "windows": 8,
      "runtime_s": 6.0
    },
    "moirai2": {
      "mase": 0.8764543781208499,
      "ci95": [
        0.6937117565317218,
        1.0715822116112121
      ],
      "per_window_mase": [
        1.368080356491442,
        0.5724160663589374,
        0.43289452786963495,
        1.4802360612256085,
        0.8155607704925179,
        0.7010436220643042,
        0.46493447407155336,
        1.1777766765522144
      ],
      "windows": 8,
      "runtime_s": 2.6
    }
  }
}