{
  "data": "aus_elec0",
  "series_name": "australian_electricity_T000000",
  "n_hours": 115368,
  "protocol": {
    "H": 168,
    "CTX": 168,
    "season": 24,
    "windows": 8,
    "window_mode": "spread",
    "bootstrap": {
      "B": 1000,
      "block": 24,
      "ci": 0.95
    },
    "seed": 20260708
  },
  "results": {
    "snaive": {
      "mase": 1.1358306624809094,
      "ci95": [
        0.9776475917881101,
        1.3136614363104457
      ],
      "per_window_mase": [
        1.3816728813436365,
        0.9726507401149194,
        1.1457661420687613,
        1.0197269581266246,
        1.3092968280290729,
        0.8167186966250588,
        1.1421082051742109,
        1.2972222713959616
      ],
      "windows": 8,
      "runtime_s": 0.0
    },
    "chronos2": {
      "mase": 0.7914466553652488,
      "ci95": [
        0.6639337524516892,
        0.9652855880539387
      ],
      "per_window_mase": [
        0.7121082467048745,
        1.1575171775672977,
        0.3821721636924124,
        0.7876397608171251,
        0.9724910516800731,
        1.2499474614709456,
        0.6538883612074848,
        0.41307860156974047
      ],
      "windows": 8,
      "runtime_s": 4.3
    },
    "moirai2": {
      "mase": 0.8241072994362536,
      "ci95": [
        0.683633479478733,
        0.97102854249037
      ],
      "per_window_mase": [
        0.9891625074027798,
        0.8672557104300985,
        0.4503188003890506,
        0.8357686722779261,
        1.1481020669813047,
        0.9325173269633659,
        0.7087591698268373,
        0.6577504117937008
      ],
      "windows": 8,
      "runtime_s": 1.6
    }
  }
}