{
  "data": "gift_elec",
  "series_name": "gift_electricity_H_MT_001",
  "n_hours": 26310,
  "protocol": {
    "H": 168,
    "CTX": 512,
    "season": 24,
    "windows": 8,
    "window_mode": "tail",
    "bootstrap": {
      "B": 1000,
      "block": 24,
      "ci": 0.95
    },
    "seed": 20260708
  },
  "results": {
    "snaive": {
      "mase": 0.4191179567464252,
      "ci95": [
        0.3587093402416636,
        0.491636938119189
      ],
      "block_len": 24,
      "per_window_mase": [
        0.3487725405079695,
        0.9228464883817165,
        0.31389403338143296,
        0.23820684594389183,
        0.31115748492233075,
        0.3250873080593743,
        0.5159889623360117,
        0.37321124610189776
      ],
      "windows": 8,
      "runtime_s": 0.0
    },
    "ets": {
      "mase": 0.37249451419372515,
      "ci95": [
        0.3361866509323837,
        0.41235344863407397
      ],
      "block_len": 24,
      "per_window_mase": [
        0.29999847657436696,
        0.38013078955165674,
        0.41322377931119353,
        0.42632167116931874,
        0.3577096517719248,
        0.2813589628213322,
        0.4483647439956524,
        0.37372616630281996
      ],
      "windows": 8,
      "runtime_s": 4.3
    },
    "arima": {
      "mase": 0.39082083272593016,
      "ci95": [
        0.3470249642710846,
        0.4429312574997704
      ],
      "block_len": 24,
      "per_window_mase": [
        0.38467768599106056,
        0.7387517548525081,
        0.28327972586776373,
        0.2843011424226126,
        0.38594763288694367,
        0.30698314390007597,
        0.41215498148118374,
        0.32641591237148154
      ],
      "windows": 8,
      "runtime_s": 241.9
    },
    "chronos2": {
      "mase": 0.3009157042128796,
      "ci95": [
        0.2668893399306895,
        0.3426325005861541
      ],
      "block_len": 24,
      "per_window_mase": [
        0.31490636516664333,
        0.2240198912861231,
        0.25255747842260806,
        0.22289871248068496,
        0.2958086082120814,
        0.3217433455794856,
        0.385258923784669,
        0.39377350706511444
      ],
      "windows": 8,
      "runtime_s": 5.6
    },
    "moirai2": {
      "mase": 0.2823202343322936,
      "ci95": [
        0.2498223836934283,
        0.3214987165383809
      ],
      "block_len": 24,
      "per_window_mase": [
        0.3239526612661409,
        0.19772740299952637,
        0.24228390224330307,
        0.22984225318690332,
        0.29474630454033957,
        0.26524574687219005,
        0.4021976737899618,
        0.3048847978467144
      ],
      "windows": 8,
      "runtime_s": 1.8
    },
    "timesfm": {
      "mase": 0.28011532720278537,
      "ci95": [
        0.2506936655305454,
        0.31800408127589275
      ],
      "block_len": 24,
      "per_window_mase": [
        0.3249237828641054,
        0.22911407554654417,
        0.23535224212794653,
        0.24441010393008586,
        0.30785959064235674,
        0.24874017486573816,
        0.38119085831943017,
        0.27046472139973204
      ],
      "windows": 8,
      "runtime_s": 5.1
    }
  }
}