{
  "data": "kepco",
  "series_name": "kepco_usage_kr",
  "n_hours": 26304,
  "protocol": {
    "H": 168,
    "CTX": 2048,
    "season": 24,
    "windows": 8,
    "window_mode": "spread",
    "bootstrap": {
      "B": 1000,
      "block": 24,
      "ci": 0.95
    },
    "seed": 20260708
  },
  "results": {
    "snaive": {
      "mase": 1.8794152041340915,
      "ci95": [
        1.4972406536066938,
        2.2891032097159565
      ],
      "per_window_mase": [
        3.3397064470134024,
        0.8150566115800163,
        1.339364312010796,
        0.9017515666501495,
        2.5981994099030374,
        1.0024683066968834,
        3.3778574556902567,
        1.65094024785036
      ],
      "windows": 8,
      "runtime_s": 0.0
    },
    "chronos2": {
      "mase": 0.7908129628869214,
      "ci95": [
        0.5587430919889049,
        1.0606145613959146
      ],
      "per_window_mase": [
        0.7813696950095702,
        0.2655001615765309,
        0.7359101566864967,
        0.5967956932073317,
        0.6506066782086699,
        0.27347832564052366,
        2.2259251209976214,
        0.7842388798918444
      ],
      "windows": 8,
      "runtime_s": 5.3
    },
    "moirai2": {
      "mase": 0.7153653122106347,
      "ci95": [
        0.48652608811947984,
        0.9991430937342114
      ],
      "per_window_mase": [
        0.3935345457877814,
        0.18505355536428147,
        0.6779505483563375,
        0.7217567060427874,
        0.3886447127164794,
        0.27105661826255006,
        2.1078050718989374,
        0.9604321083962186
      ],
      "windows": 8,
      "runtime_s": 3.3
    }
  }
}