{
  "data": "kepco",
  "series_name": "kepco_usage_kr",
  "n_hours": 26304,
  "protocol": {
    "H": 168,
    "CTX": 512,
    "season": 24,
    "windows": 8,
    "window_mode": "spread",
    "bootstrap": {
      "B": 1000,
      "block": 24,
      "ci": 0.95
    },
    "seed": 20260708
  },
  "results": {
    "snaive": {
      "mase": 1.8794152041340915,
      "ci95": [
        1.287548353106003,
        2.465753281171195
      ],
      "block_len": 77,
      "per_window_mase": [
        3.3397064470134024,
        0.8150566115800163,
        1.339364312010796,
        0.9017515666501495,
        2.5981994099030374,
        1.0024683066968834,
        3.3778574556902567,
        1.65094024785036
      ],
      "windows": 8,
      "runtime_s": 0.0
    },
    "chronos2": {
      "mase": 0.7865014665601932,
      "ci95": [
        0.4577509962928599,
        1.2249858203690163
      ],
      "block_len": 69,
      "per_window_mase": [
        0.8229456407382806,
        0.14146407569688693,
        0.665530520256073,
        0.5443303718420244,
        0.887372691000779,
        0.2734293908946522,
        2.1762900507285616,
        0.7655764665665098
      ],
      "windows": 8,
      "runtime_s": 4.5
    },
    "moirai2": {
      "mase": 0.7463491830180904,
      "ci95": [
        0.41694119950459274,
        1.1421682064786525
      ],
      "block_len": 69,
      "per_window_mase": [
        0.7406043771295294,
        0.14949647288252785,
        0.6479619624594044,
        0.644185593768198,
        0.5673869460116734,
        0.3035645363672527,
        2.040286778493176,
        0.8642937307844699
      ],
      "windows": 8,
      "runtime_s": 1.7
    }
  }
}