{
  "data": "kpx",
  "series_name": "kpx_electricity_kr",
  "n_hours": 8760,
  "protocol": {
    "H": 168,
    "CTX": 2048,
    "season": 24,
    "windows": 8,
    "window_mode": "spread",
    "bootstrap": {
      "B": 1000,
      "block": 24,
      "ci": 0.95
    },
    "seed": 20260708
  },
  "results": {
    "snaive": {
      "mase": 1.4604328436036345,
      "ci95": [
        1.2532897599682817,
        1.7276688470343493
      ],
      "per_window_mase": [
        0.813245567968333,
        1.9381808388475437,
        1.090488161874747,
        1.0275223722031779,
        1.132154853222467,
        1.8666697742132912,
        2.5316646042959454,
        1.3671856337036294
      ],
      "windows": 8,
      "runtime_s": 0.0
    },
    "chronos2": {
      "mase": 0.772807197502087,
      "ci95": [
        0.6422597475729139,
        0.9459463876338501
      ],
      "per_window_mase": [
        0.3380935725051956,
        1.0317714132428433,
        0.6676810693296915,
        0.593782957591807,
        0.45779687453685647,
        1.6849211868373573,
        0.8007832785391702,
        0.63979714113602
      ],
      "windows": 8,
      "runtime_s": 4.7
    },
    "moirai2": {
      "mase": 0.6552248687065177,
      "ci95": [
        0.5543706581483728,
        0.7799731428493684
      ],
      "per_window_mase": [
        0.3509218885687762,
        0.7487607423655402,
        0.761908532020674,
        0.37228305112227644,
        0.41342448913458274,
        1.048334404639792,
        0.8660704173099196,
        0.7110788854348622
      ],
      "windows": 8,
      "runtime_s": 3.1
    }
  }
}