{
  "data": "kpx",
  "series_name": "kpx_electricity_kr",
  "n_hours": 8760,
  "protocol": {
    "H": 168,
    "CTX": 512,
    "season": 24,
    "windows": 8,
    "window_mode": "spread",
    "bootstrap": {
      "B": 1000,
      "block": 24,
      "ci": 0.95
    },
    "seed": 20260708
  },
  "results": {
    "snaive": {
      "mase": 1.5829198934311972,
      "ci95": [
        1.2521462297593322,
        1.9882117579535799
      ],
      "block_len": 34,
      "per_window_mase": [
        2.8666666697397316,
        1.4293463157058919,
        1.1668943745042724,
        1.3958982183222837,
        1.1942034901376022,
        2.375736947634193,
        0.8127135376761696,
        1.3671856337036294
      ],
      "windows": 8,
      "runtime_s": 0.0
    },
    "chronos2": {
      "mase": 0.9076051663612957,
      "ci95": [
        0.6195850159857617,
        1.2862280571111138
      ],
      "block_len": 59,
      "per_window_mase": [
        2.5086232031793694,
        0.916100354048493,
        0.9931823509587738,
        0.7791548114884739,
        0.6172619795107241,
        0.4761344768453149,
        0.2953739425822694,
        0.5983550647184115
      ],
      "windows": 8,
      "runtime_s": 4.9
    },
    "moirai2": {
      "mase": 0.8881801969700668,
      "ci95": [
        0.6388076050274224,
        1.1871065099565614
      ],
      "block_len": 56,
      "per_window_mase": [
        2.2184000702074353,
        0.7207574237049885,
        0.9796373182507818,
        0.8816481411955945,
        0.6841828462040561,
        0.5328373668314779,
        0.30452417526752434,
        0.7329798247968434
      ],
      "windows": 8,
      "runtime_s": 1.8
    }
  }
}