{
  "data": "kpx",
  "series_name": "kpx_electricity_kr",
  "n_hours": 8760,
  "protocol": {
    "H": 168,
    "CTX": 512,
    "season": 24,
    "windows": 8,
    "window_mode": "tail",
    "bootstrap": {
      "B": 1000,
      "block": 24,
      "ci": 0.95
    },
    "seed": 20260708
  },
  "results": {
    "snaive": {
      "mase": 1.097956863408772,
      "ci95": [
        0.8836236460482695,
        1.3803389572434146
      ],
      "block_len": 30,
      "per_window_mase": [
        0.7490778791319322,
        1.1174157535004738,
        1.1994710314789103,
        1.2051658023384135,
        1.2250670030173039,
        0.8870137281663893,
        1.0339003782246943,
        1.3671856337036294
      ],
      "windows": 8,
      "runtime_s": 0.0
    },
    "ets": {
      "mase": 1.567671881986521,
      "ci95": [
        1.4493471580612456,
        1.7239575510821146
      ],
      "per_window_mase": [
        1.3547962567648866,
        1.5690360723994932,
        1.596882078035533,
        1.7455143998964928,
        1.6888592255865418,
        1.507977086251762,
        1.6519095091192042,
        1.4282578473829433
      ],
      "windows": 8,
      "runtime_s": 3.8
    },
    "arima": {
      "mase": 1.1092608279341087,
      "ci95": [
        0.9814281887517273,
        1.2584709606472058
      ],
      "per_window_mase": [
        0.8088840853819715,
        1.2666441774972912,
        1.0368828925618867,
        1.3773741292971782,
        1.2103519992024832,
        1.071303377591672,
        1.042690227112642,
        1.0622227863490343
      ],
      "windows": 8,
      "runtime_s": 612.4
    },
    "chronos2": {
      "mase": 0.4687946629785045,
      "ci95": [
        0.391212030112958,
        0.5652865724927196
      ],
      "per_window_mase": [
        0.24355550720674404,
        0.540828471029931,
        0.2635357066187063,
        0.601141291943744,
        0.2482437941989228,
        0.7538951023125685,
        0.49951161234970654,
        0.5983550647184115
      ],
      "windows": 8,
      "runtime_s": 6.3
    },
    "moirai2": {
      "mase": 0.49047254381520666,
      "ci95": [
        0.41273919265811215,
        0.5812463091732031
      ],
      "per_window_mase": [
        0.2742672965410724,
        0.55718917615412,
        0.3397273443830927,
        0.4644401945349314,
        0.3080787526546238,
        0.7800314211981345,
        0.46475113812449703,
        0.7329798247968434
      ],
      "windows": 8,
      "runtime_s": 16.2
    },
    "timesfm": {
      "mase": 0.4962104044565964,
      "ci95": [
        0.43062266713030734,
        0.5738726463793158
      ],
      "per_window_mase": [
        0.28796400074282813,
        0.5588415004639864,
        0.49499226713112,
        0.6566106003240522,
        0.391862341104157,
        0.4718675410961717,
        0.4511476016707843,
        0.6569688369499928
      ],
      "windows": 8,
      "runtime_s": 100.0
    }
  }
}