{
  "data": "kpx",
  "series_name": "kpx_electricity_kr",
  "n_hours": 8760,
  "protocol": {
    "H": 168,
    "CTX": 4096,
    "season": 24,
    "windows": 8,
    "window_mode": "spread",
    "bootstrap": {
      "B": 1000,
      "block": 24,
      "ci": 0.95
    },
    "seed": 20260708
  },
  "results": {
    "snaive": {
      "mase": 1.40135565438179,
      "ci95": [
        1.2106978223938767,
        1.6239098837788097
      ],
      "per_window_mase": [
        2.0593190864575237,
        0.6521322840762624,
        1.2701834743076423,
        1.2106794085618315,
        2.038529817400014,
        0.9387466646590354,
        1.673552514246038,
        1.3671856337036294
      ],
      "windows": 8,
      "runtime_s": 0.0
    },
    "chronos2": {
      "mase": 0.8199533275327142,
      "ci95": [
        0.6644262716450169,
        0.9910783800604227
      ],
      "per_window_mase": [
        1.4304900954548088,
        0.4389734972111771,
        0.7775737354357729,
        0.48667567758090996,
        1.6583867860057615,
        0.27402326830579316,
        0.8011690862608466,
        0.6713902430025752
      ],
      "windows": 8,
      "runtime_s": 5.2
    },
    "moirai2": {
      "mase": 0.8126844104347344,
      "ci95": [
        0.6746011871678407,
        0.9898080188727124
      ],
      "per_window_mase": [
        1.031866063189088,
        0.4921813822834832,
        0.707784834411329,
        0.599572495930506,
        1.8154650506288155,
        0.366733907493024,
        0.8032493322151248,
        0.6776269415954957
      ],
      "windows": 8,
      "runtime_s": 4.8
    }
  }
}