{
  "data": "kepco",
  "series_name": "kepco_usage_kr",
  "n_hours": 26304,
  "protocol": {
    "H": 168,
    "CTX": 8192,
    "season": 24,
    "windows": 8,
    "window_mode": "spread",
    "bootstrap": {
      "B": 1000,
      "block": 24,
      "ci": 0.95
    },
    "seed": 20260708
  },
  "results": {
    "snaive": {
      "mase": 1.8794152041340915,
      "ci95": [
        1.4972406536066938,
        2.2891032097159565
      ],
      "per_window_mase": [
        3.3397064470134024,
        0.8150566115800163,
        1.339364312010796,
        0.9017515666501495,
        2.5981994099030374,
        1.0024683066968834,
        3.3778574556902567,
        1.65094024785036
      ],
      "windows": 8,
      "runtime_s": 0.0
    },
    "chronos2": {
      "mase": 0.7754124543144003,
      "ci95": [
        0.5427562375079452,
        1.0505622295873145
      ],
      "per_window_mase": [
        0.7826626916733084,
        0.21056773050846825,
        0.7254585856224101,
        0.5859482370260327,
        0.5607203384927343,
        0.2761147303364039,
        2.257991647359705,
        0.7911965185388578
      ],
      "windows": 8,
      "runtime_s": 6.1
    },
    "moirai2": {
      "mase": 0.7122820124384157,
      "ci95": [
        0.4764371725893825,
        1.0056747104809043
      ],
      "per_window_mase": [
        0.42617804718761665,
        0.1505312707122967,
        0.699296442382487,
        0.7273239191075002,
        0.2737159975836825,
        0.27037799136198837,
        2.2003573031824812,
        0.934918359119553
      ],
      "windows": 8,
      "runtime_s": 11.5
    }
  }
}