{
  "data": "kpx",
  "series_name": "kpx_electricity_kr",
  "n_hours": 8760,
  "protocol": {
    "H": 168,
    "CTX": 168,
    "season": 24,
    "windows": 8,
    "window_mode": "spread",
    "bootstrap": {
      "B": 1000,
      "block": 24,
      "ci": 0.95
    },
    "seed": 20260708
  },
  "results": {
    "snaive": {
      "mase": 1.2209202237721888,
      "ci95": [
        1.0090097300865235,
        1.4939255637965119
      ],
      "per_window_mase": [
        0.9598188052265207,
        1.633552823082748,
        1.0712989394429822,
        0.9600506600451385,
        0.8031082242223402,
        2.247026705811928,
        0.7490778791319322,
        1.3671856337036294
      ],
      "windows": 8,
      "runtime_s": 0.0
    },
    "chronos2": {
      "mase": 0.775578764419213,
      "ci95": [
        0.6431176373749558,
        0.9151973152365229
      ],
      "per_window_mase": [
        0.5282624445349934,
        0.9329529425267946,
        0.8568691350905834,
        1.1237341847517353,
        0.49269462845277273,
        1.3330362612601474,
        0.3022664325900734,
        0.6533378386950338
      ],
      "windows": 8,
      "runtime_s": 5.0
    },
    "moirai2": {
      "mase": 0.714168875891176,
      "ci95": [
        0.6092163093524133,
        0.8244634706220304
      ],
      "per_window_mase": [
        0.3624141578517735,
        0.7660115132049198,
        0.6882164953411642,
        1.105527590935074,
        0.625791498749085,
        0.976468128038739,
        0.5412804830956407,
        0.7142936995992102
      ],
      "windows": 8,
      "runtime_s": 1.7
    }
  }
}