{
  "data": "kepco",
  "series_name": "kepco_usage_kr",
  "n_hours": 26304,
  "protocol": {
    "H": 168,
    "CTX": 168,
    "season": 24,
    "windows": 8,
    "window_mode": "spread",
    "bootstrap": {
      "B": 1000,
      "block": 24,
      "ci": 0.95
    },
    "seed": 20260708
  },
  "results": {
    "snaive": {
      "mase": 1.8794152041340915,
      "ci95": [
        1.4972406536066938,
        2.2891032097159565
      ],
      "per_window_mase": [
        3.3397064470134024,
        0.8150566115800163,
        1.339364312010796,
        0.9017515666501495,
        2.5981994099030374,
        1.0024683066968834,
        3.3778574556902567,
        1.65094024785036
      ],
      "windows": 8,
      "runtime_s": 0.0
    },
    "chronos2": {
      "mase": 1.0182560405998509,
      "ci95": [
        0.7448031703046929,
        1.316196509119386
      ],
      "per_window_mase": [
        1.8208507007808183,
        0.2407066237251147,
        0.708852003250719,
        0.5226226249344665,
        1.4010353840085534,
        0.39061124390893487,
        2.242090117106866,
        0.8117891714314329
      ],
      "windows": 8,
      "runtime_s": 6.7
    },
    "moirai2": {
      "mase": 1.0704460588723974,
      "ci95": [
        0.8488956721831854,
        1.3462556629065465
      ],
      "per_window_mase": [
        0.9736591564096829,
        0.780326335255284,
        0.6885984138825731,
        0.8310096764593647,
        1.4334700601717525,
        0.6609428739960953,
        2.4572514141898725,
        0.7216537397938193
      ],
      "windows": 8,
      "runtime_s": 2.0
    }
  }
}